Source,Rank 1,Rank 2,Rank 3,Rank 4,Rank 5,Rank 6,Rank 7,Rank 8,Rank 9,Rank 10,Rank 11,Rank 12,Rank 13,Rank 14,Rank 15,Rank 16,Rank 17,Rank 18,Rank 19,Rank 20
illinois llc requirements.html,https://www.bizfilings.com/toolkit/state-guides/illinois/ongoing-llc-requirements,https://howtostartanllc.com/illinois-llc,https://www.incorporate.com/illinois.html,https://www.nolo.com/legal-encyclopedia/form-llc-how-to-organize-llc-30287.html,https://startupsavant.com/how-to-start-a-business-in-illinois/,https://www.bizfilings.com/toolkit/state-guides/illinois/ongoing-llc-requirements,http://www.cyberdriveillinois.com/publications/business_services/llc.html,https://www.cyberdriveillinois.com/publications/pdf_publications/c334.pdf,https://www.legalzoom.com/articles/illinois-llc-guide,https://howtostartanllc.com/illinois-llc,https://www.ilsos.gov/llcarticles/,https://www.nolo.com/legal-encyclopedia/annual-report-tax-filing-requirements-illinois-llcs.html,https://www.nolo.com/legal-encyclopedia/illinois-form-llc-32092.html,http://tax.illinois.gov/QuestionsAndAnswers/604.htm,https://www.incorporate.com/illinois.html,
delaware llc filing requirements.html,https://corp.delaware.gov/frtax.shtml,https://www.delawareregisteredagent.com/how-to/file-delaware-llc-annual-reports-online,http://info.legalzoom.com/cost-form-delaware-llc-3178.html,https://howtostartanllc.com/delaware-llc,http://info.legalzoom.com/benefits-delaware-llc-4456.html,https://corp.delaware.gov/frtax.shtml,https://corp.delaware.gov/paytaxes.shtml,https://www.nolo.com/legal-encyclopedia/annual-report-tax-filing-requirements-delaware-llcs.html,https://www.delawareinc.com/llc/delaware-llc-annual-fee/,https://www.delawareregisteredagent.com/how-to/file-delaware-llc-annual-reports-online,https://www.bizfilings.com/toolkit/state-guides/delaware/ongoing-llc-requirements,https://www.incorporate.com/delaware_llc_filing_requirements_forms.html,https://www.legalzoom.com/articles/delaware-llc-guide,https://www.delawarebusinessincorporators.com/pages/delaware-annual-filing-requirements,https://www.incfile.com/delaware-llc/,
bank account for llc.html,https://www.legalzoom.com/articles/how-to-open-an-llc-bank-account,https://www.legalzoom.com/articles/are-you-still-using-your-personal-bank-account-for-your-business,https://www.bizfilings.com/toolkit/research-topics/running-your-business/how-to-build-business-credit-for-a-small-business,https://www.smartpassiveincome.com/why-you-need-a-business-banking-account-and-how-to-get-one/,https://www.inc.com/aj-agrawal/how-to-open-a-business-bank-account-for-your-startup.html,https://www.legalzoom.com/articles/how-to-open-an-llc-bank-account,http://info.legalzoom.com/open-llc-bank-account-3455.html,https://www.llcuniversity.com/business-bank-account-for-llc/,https://www.chase.com/content/dam/chasecom/en/business-banking/documents/limited-liability-checklist.pdf,https://www.incorporate.com/limited_liability_company_requirements.html,https://www.bankofamerica.com/smallbusiness/resources/faqs.go,https://www.nolo.com/legal-encyclopedia/opening-business-bank-account.html,http://smallbusiness.chron.com/open-bank-account-llc-3616.html,https://www.keytlaw.com/azllclaw/2011/07/how-do-i-open-a-bank-account-for-an-llc/,https://www.keytlaw.com/callclaw/llc-bank-account/,
certificate of formation llc.html,https://www.thebalance.com/certificate-of-organization-398183,https://www.delawareinc.com/blog/delaware-llc-certificate-of-formation/,https://www.nolo.com/dictionary/certificate-of-formation-term.html,https://www.nolo.com/dictionary/certificate-of-formation-term.html,https://www.thebalance.com/certificate-of-organization-398183,https://www.incorporate.com/stock_membership_certificate.html,https://www.nolo.com/legal-encyclopedia/california-form-llc-31670.html,https://www.lectlaw.com/mjl/bz02f.htm,https://content.next.westlaw.com/Document/I0f9fe6e9ef0811e28578f7ccc38dcbee/View/FullText.html?contextData=(sc.Default)&transitionType=Default,http://www.sos.ca.gov/business-programs/business-entities/filing-tips/filing-tips-llc/,https://www.sos.state.tx.us/corp/forms/205_boc.pdf,https://www.delawareregisteredagent.com/how-to/delaware-llc-certificate-of-formation,https://www.sec.gov/rules/other/2009/edga-f1-application/exhibit-c/maplecertform.pdf,https://sos.idaho.gov/corp/llc_form.html,
delaware llc registry.html,https://icis.corp.delaware.gov/Ecorp/EntitySearch/NameSearch.aspx,https://icis.corp.delaware.gov/Ecorp/NameReserv/NameReservation.aspx,https://corp.delaware.gov/remoteagts.shtml,https://corp.delaware.gov/,https://corp.delaware.gov/agents/a9022776.shtml,https://corp.delaware.gov/onlinestatus.shtml,https://www.delreg.com/,http://www.delreg.com/air.cfm,https://www.delawareinc.com/blog/what-is-on-public-records-delaware/,https://www.delawareinc.com/name-check/,https://www.incnow.com/,
how to dissolve an llc in nj.html,https://www.northwestregisteredagent.com/dissolve-new-jersey-llc.html,http://www.northwestregisteredagent.com/dissolve-new-jersey-llc.html,https://www.bizfilings.com/toolkit/research-topics/running-your-business/how-to-end-your-business-business-dissolution,http://www.northwestregisteredagent.com/dissolve-new-york-LLC.html,https://www.legalzoom.com/articles/how-to-dissolve-a-corporation,http://www.nj.gov/treasury/revenue/dissolve.shtml,https://www.northwestregisteredagent.com/dissolve-new-jersey-llc.html,https://www.nolo.com/legal-encyclopedia/how-dissolve-llc-new-jersey.html,http://www.state.nj.us/treasury/revenue/dissolve-cancel.shtml,http://www.state.nj.us/treasury/revenue/dissforms.shtml,http://www.state.nj.us/treasury/revenue/dcr/pdforms/l109_42.pdf,http://info.legalzoom.com/dissolve-llc-new-jersey-3684.html,https://www.limitedliabilitycompanycenter.com/llc/how-to-dissolve-a-new-jersey-limited-liability-company/,http://www.rea-lawfirm.com/closing-dissolving-corporation-llc-new-jersey/,https://www.getincnow.com/New-Jersey-LLC-Dissolution.php,
llc with partners.html,https://www.irs.gov/businesses/small-businesses-self-employed/llc-filing-as-a-corporation-or-partnership,http://the-llc-company.com/form-llc/who-can-own-an-llc/,http://info.legalzoom.com/can-llc-member-another-llc-3489.html,https://www.legalzoom.com/articles/how-do-i-add-another-owner-to-my-llc,https://www.thebalance.com/which-should-i-form-an-llc-or-a-partnership-398646,https://www.thebalance.com/which-should-i-form-an-llc-or-a-partnership-398646,http://info.legalzoom.com/can-partner-llc-23988.html,https://www.legalzoom.com/articles/adding-partners-to-an-llc,https://www.irs.gov/businesses/small-businesses-self-employed/llc-filing-as-a-corporation-or-partnership,https://www.nolo.com/legal-encyclopedia/partnerships-vs-llcs.html,http://smallbusiness.chron.com/set-up-partnership-llc-2018.html,http://smallbusiness.chron.com/general-partnership-vs-llc-54177.html,http://smallbusiness.chron.com/llc-business-partnership-agreements-3908.html,http://smallbusiness.chron.com/definition-managing-partner-llc-39933.html,https://www.forbes.com/sites/anthonynitti/2014/09/10/irs-partners-share-of-llc-income-is-subject-to-self-employment-tax/,
how to apply for llc in texas.html,https://howtostartanllc.com/texas-llc,http://info.legalzoom.com/apply-llc-texas-3466.html,https://howtostartanllc.com/texas-llc,https://www.sos.state.tx.us/corp/forms_boc.shtml,https://www.sos.state.tx.us/corp/forms/205_boc.pdf,https://www.sos.state.tx.us/corp/businessstructure.shtml,https://www.sos.state.tx.us/corp/formationfaqs.shtml,https://www.wikihow.com/Create-a-LLC-in-Texas,https://www.nolo.com/legal-encyclopedia/texas-form-llc-31745.html,http://www.tsbpa.state.tx.us/pdffiles/l0016.pdf,https://www.youtube.com/watch?v=BcQtFLZ4Xdc,
how to sell an llc.html,https://www.northwestregisteredagent.com/sell-llc-membership-bill-of-sale.html,https://www.fool.com/knowledge-center/can-a-single-llc-sell-shares.aspx,https://www.legalzoom.com/knowledge/llc/topic/ownership-percentages,http://llc-made-easy.com/can-an-llc-be-sold.html,https://www.legalzoom.com/articles/how-to-dissolve-an-llc,https://www.legalzoom.com/articles/how-to-transfer-ownership-of-an-llc,https://www.northwestregisteredagent.com/sell-llc-membership-bill-of-sale.html,https://www.americanbar.org/publications/blt/2013/12/02_immerman.html,https://www.nerdwallet.com/ask/question/when-you-sell-your-business-llc-can-you-transfer-ownership-of-the-llc-or-do-the-new-owners-have-to-create-a-new-llc-8332,http://smallbusiness.chron.com/sell-percentage-llc-50190.html,http://smallbusiness.chron.com/change-ownership-limited-liability-company-3684.html,https://www.nolo.com/legal-encyclopedia/selling-business-eight-steps-30143.html,https://www.forbes.com/sites/robertwood/2011/07/22/selling-your-business-taxes-are-key/,https://bizfluent.com/how-5459159-sell-llc-business.html,http://blogs.findlaw.com/free_enterprise/2012/03/3-things-to-do-before-you-sell-your-llc-interest.html,
sample operating agreement llc florida.html,https://startabusiness.org/fl/llc/operating-agreement/,https://eforms.com/operating-agreements/fl/,http://www.toolsforbusiness.info/success/includes/pdf/FLoperating_agreement.doc,https://www.ilrg.com/forms/llc-opag-mem/us/fl,https://www.northwestregisteredagent.com/florida-llc-operating-agreement.html,https://www.llcuniversity.com/florida-llc/operating-agreement/,http://form.sunbiz.org/pdf/605_Booklet.pdf,http://info.legalzoom.com/operating-agreement-florida-limited-liability-company-4448.html,http://www.wikiform.org/secretary-of-state/florida/llc/florida-llc-operating-agreement-form.html,https://www.law360.com/articles/504435/fla-llcs-need-to-revisit-their-operating-agreements,
how to dissolve an llc in nevada.html,https://www.northwestregisteredagent.com/dissolve-nevada-LLC.html,https://nvsos.gov/sos/home/showdocument?id=988,http://nvsos.gov/sos/businesses/close-a-business/limited-liability-company,http://nvsos.gov/sos/businesses/close-a-business,https://www.northwestregisteredagent.com/dissolve-nevada-LLC.html,https://www.nolo.com/legal-encyclopedia/how-dissolve-llc-nevada.html,http://info.legalzoom.com/dissolve-llc-nevada-3554.html,http://nevadalaw.info/dissolve-nevada-llc/,https://bizfluent.com/how-6906699-dissolve-nevada-llc.html,https://howtostartanllc.com/nevada-llc-dissolution,https://www.getincnow.com/Nevada-LLC-Dissolution.php,
llc texas cost.html,https://www.northwestregisteredagent.com/texas-LLC.html,https://www.nolo.com/legal-encyclopedia/texas-form-llc-31745.html,https://howtostartanllc.com/texas-llc,https://www.incorporate.com/texas.html,https://www.legalzoom.com/articles/starting-up-which-state-to-file-your-llc-in,https://www.northwestregisteredagent.com/texas-LLC.html,https://www.incorporate.com/texas.html,https://www.nolo.com/legal-encyclopedia/texas-form-llc-31745.html,https://www.legalzoom.com/articles/texas-llc-guide,https://www.sos.state.tx.us/corp/formationfaqs.shtml,https://www.sos.state.tx.us/corp/forms/205_boc.pdf,https://bizfluent.com/info-7913542-much-llc-cost-texas.html,https://texasllcpros.com/texas-llc-fees/,https://howtostartanllc.com/texas-llc,https://www.wikihow.com/Create-a-LLC-in-Texas,
ga secretary of state llc renewal.html,https://ecorp.sos.ga.gov/AnnualRegistrationExpress,https://ecorp.sos.ga.gov/,http://sos.ga.gov/index.php/corporations,https://georgia.gov/popular-topic/corporations-llcs-and-limited-partnerships,https://georgia.gov/agencies/georgia-secretary-state,https://georgia.gov/blog/2017-02-14/its-time-complete-your-annual-business-registration,https://georgia.gov/blog/2014-06-12/what-llc,https://www.activefilings.com/time-to-renew-your-corporation-or-llc-in-georgia/,https://www.northwestregisteredagent.com/georgia-annual-registration.html,http://bls.dor.wa.gov/renewcorp.aspx,
delaware llc annual fee.html,https://corp.delaware.gov/frtax.shtml,http://info.legalzoom.com/cost-form-delaware-llc-3178.html,https://www.delawareregisteredagent.com/how-to/file-delaware-llc-annual-reports-online,https://www.nolo.com/legal-encyclopedia/delaware-state-business-income-tax.html,https://www.delawareinc.com/delaware-franchise-tax/,https://corp.delaware.gov/paytaxes.shtml,https://corp.delaware.gov/frtax.shtml,https://www.delawareinc.com/llc/delaware-llc-annual-fee/,https://www.incnow.com/delaware-llc/fees/,https://www.delawareregisteredagent.com/how-to/file-delaware-llc-annual-reports-online,https://www.delawareregisteredagent.com/how-to/file-delaware-corporate-franchise-taxes,https://www.delawareregisteredagent.com/delaware-llc,https://www.incorporate.com/delaware_llc_taxes_fees.html,https://www.llcuniversity.com/llc-annual-fees-by-state/,https://www.delawareintercorp.com/t-FilingFeesAndFranchiseTaxes.aspx,
difference between pllc and llc.html,http://smallbusiness.chron.com/pllc-vs-llc-42358.html,https://www.nolo.com/legal-encyclopedia/what-professional-limited-liability-company.html,http://info.legalzoom.com/difference-between-llc-plc-3480.html,https://wealthpilgrim.com/professional-llc-faqs-in-plain-english/,https://www.bizfilings.com/toolkit/research-topics/incorporating-your-business/s-corp-vs-llc,https://www.legalzoom.com/articles/what-makes-an-llc-different-from-a-pllc,http://info.legalzoom.com/llc-different-pllc-23537.html,http://smallbusiness.chron.com/pllc-vs-llc-42358.html,http://smallbusiness.chron.com/difference-between-professional-llc-professional-service-corporation-74494.html,https://bizfluent.com/about-5410675-pllc-vs-llc.html,https://www.nolo.com/legal-encyclopedia/what-professional-limited-liability-company.html,https://www.upcounsel.com/pllc-vs-llc,https://www.keytlaw.com/azllclaw/2011/07/arizona-pllc-vs-llc/,https://answers.uslegal.com/corporations/professional-corporation/15730/,https://www.corpnet.com/llc-vs-pllc/,
buying real estate as an llc.html,https://www.usatoday.com/story/news/2017/06/13/7-reasons-property-buyers-use-llcs-legit-not/102387054/,https://www.legalzoom.com/articles/how-do-i-transfer-title-of-a-property-from-a-person-to-an-llc,https://www.landlordology.com/landlord-rental-llc-limited-liability-company/,https://www.incorporate.com/real_estate.html,http://www.contractoruk.com/limited_companies/can_i_buy_property_my_limited_company.html,https://www.legalzoom.com/articles/forming-an-llc-for-real-estate-investments-pros-cons,https://www.biggerpockets.com/renewsblog/2015/06/06/5-reasons-do-not-invest-using-llc/,https://www.biggerpockets.com/renewsblog/2015/06/14/invest-in-real-estate-using-llc/,https://www.fortunebuilders.com/beginners-guide-starting-an-llc-part-1/,https://www.fortunebuilders.com/forming-a-real-estate-llc/,https://www.nolo.com/legal-encyclopedia/real-estate-llcs-real-estate-trusts-other-real-estate-purchasing-options.html,https://www.usatoday.com/story/news/2017/06/13/7-reasons-property-buyers-use-llcs-legit-not/102387054/,http://smallbusiness.chron.com/can-llc-purchase-real-property-36479.html,https://www.mashvisor.com/blog/investment-property-llc/,https://www.landlordology.com/legal-structure-for-real-estate/,
can an llc issue stock.html,http://smallbusiness.chron.com/can-llc-issue-stocks-elects-corporation-61010.html,http://smallbusiness.chron.com/can-llc-own-stock-c-corporation-60591.html,https://www.fool.com/knowledge-center/can-a-single-llc-sell-shares.aspx,http://www.dividendsandpreferences.com/2009/03/why-cant-i-take-my-llc-public.html,https://www.nceo.org/articles/equity-incentives-limited-liability-company-llc,https://www.investopedia.com/ask/answers/052515/can-limited-liability-company-llc-issue-stock.asp,http://smallbusiness.chron.com/can-llc-issue-stocks-elects-corporation-61010.html,http://info.legalzoom.com/issue-stock-llc-3269.html,http://info.legalzoom.com/can-llc-offer-preferred-common-shares-4481.html,http://the-llc-company.com/llc-services/can-an-llc-issue-stock/,https://yourbusiness.azcentral.com/can-llc-issue-stocks-elects-corporation-14438.html,https://www.fool.com/knowledge-center/can-a-single-llc-sell-shares.aspx,http://protoraelaw.com/ownership-interests-in-an-llc-the-options-are-endless/,https://www.incfile.com/blog/post/%E2%80%8Bdoes-llc-have-stock-shareholders/,https://danashultz.com/2014/05/14/how-do-we-issue-llc-membership-interests/,
massachusetts llc annual report.html,https://www.sec.state.ma.us/cor/corpweb/corllc/llcinf.htm,https://www.sec.state.ma.us/cor/corpdf/c156c512cdllcannual.pdf,https://www.sec.state.ma.us/cor/,https://www.llcuniversity.com/massachusetts-llc/annual-report/,https://www.nolo.com/legal-encyclopedia/filing-requirements-llcs-massachusetts.html,https://www.mass.gov/service-details/limited-liability-companies-and-limited-liability-partnerships,https://www.northwestregisteredagent.com/massachusetts-annual-report.html,https://www.northwestregisteredagent.com/dissolve-massachusetts-llc.html,https://www.bizfilings.com/toolkit/state-guides/massachusetts/ongoing-llc-requirements,https://www.myusacorporation.com/massachusetts/annual-report,https://www.nolo.com/legal-encyclopedia/50-state-guide-annual-report-tax-filing-requirements-llcs,https://howtostartanllc.com/massachusetts-llc,https://www.nolo.com/legal-encyclopedia/massachusetts-form-llc-31942.html,http://www.mass.gov/anf/research-and-tech/legal-and-legislative-resources/why-is-massachusetts-a-commonwealth.html,
how to start an llc in south carolina.html,https://howtostartanllc.com/south-carolina-llc,https://www.northwestregisteredagent.com/south-carolina-LLC.html,https://startupsavant.com/how-to-start-a-business-in-south-carolina/,https://www.nolo.com/legal-encyclopedia/form-llc-how-to-organize-llc-30287.html,http://smallbusiness.chron.com/much-cost-form-llc-59033.html,https://howtostartanllc.com/south-carolina-llc,https://www.legalzoom.com/articles/south-carolina-llc-guide,https://www.nolo.com/legal-encyclopedia/south-carolina-form-llc-32017.html,https://www.wikihow.com/Form-an-LLC-in-South-Carolina,http://www.sos.sc.gov/library_of_forms_and_fees,http://www.sc.gov/business/Pages/STARTINGABUSINESS.aspx,http://www.sos.sc.gov/Business_Filings_-_General_Information,http://www.sos.sc.gov/Business_filings_faqs,https://www.youtube.com/watch?v=E2f_KqT__nw,https://startupsavant.com/how-to-form-an-llc-in-south-carolina/,
